[
  {
    "model": "agendas.tipoevento",
    "pk": 1,
    "fields": {
      "nombre": "Cumplea±o de fraterno",
      "descripcion": "En caso de cumplea±o del fraterno, en el cual este invite a todos los fraternos, el alquiler de la Sede no tendra costo",
      "costo_entresemana": "0.00",
      "costo_finsemana": "0.00"
    }
  },
  {
    "model": "agendas.tipoevento",
    "pk": 2,
    "fields": {
      "nombre": "Actividad individual del fraterno",
      "descripcion": "Para actividades propias e individuales del fraterno y cumplea±os de Hijos, Eposa, Padres y Hermanos, con presencia del fraterno, entre semana Bs 250, los dias viernes, sabado y domingo Bs. 400.",
      "costo_entresemana": "250.00",
      "costo_finsemana": "400.00"
    }
  },
  {
    "model": "agendas.tipoevento",
    "pk": 3,
    "fields": {
      "nombre": "Acontecimiento de Familiares del Fraterno (hasta 50 personas)",
      "descripcion": "Acontecimientos de menor envergadura (hasta 50 personas) de familiares del fraterno,Tios (hermanos de padre y madre), Suegros, Cu±ados, Concu±ados y Primos Hermanos, aclarando que todos los eventos de las personas ennumeradas deven contar con la presencia del Fraterno.",
      "costo_entresemana": "500.00",
      "costo_finsemana": "800.00"
    }
  },
  {
    "model": "agendas.tipoevento",
    "pk": 4,
    "fields": {
      "nombre": "Acontecimiento de Amigo de del Fraterno",
      "descripcion": "Eventos, cumplea±os y/o acontecimientos de menor envergadura(hasta 50 personas) de Amigos del Fraterno siempre y cuando con la presencia del Fraterno.",
      "costo_entresemana": "1400.00",
      "costo_finsemana": "1800.00"
    }
  },
  {
    "model": "agendas.tipoevento",
    "pk": 5,
    "fields": {
      "nombre": "Eventos para terceros",
      "descripcion": "Eventos para terceras personas (Naturales o Juridicas)",
      "costo_entresemana": "2100.00",
      "costo_finsemana": "2800.00"
    }
  },
  {
    "model": "agendas.agenda",
    "pk": 1,
    "fields": {
      "fecha": "2023-09-11",
      "hora_inicio": "08:39:00",
      "hora_fin": "09:40:00",
      "descripcion": "ss",
      "tipo_evento": 5,
      "es_entresemana": false,
      "estado_reserva": "pendiente",
      "user": "9143273f-c550-421b-9c69-6c3e1f78b191",
      "created_date": "2023-09-11T23:38:37.957Z"
    }
  },
  {
    "model": "agendas.agenda",
    "pk": 2,
    "fields": {
      "fecha": "2023-09-23",
      "hora_inicio": "13:00:00",
      "hora_fin": "15:00:00",
      "descripcion": "dass",
      "tipo_evento": 2,
      "es_entresemana": false,
      "estado_reserva": "pendiente",
      "user": "a144803d-94ef-4ee5-8b29-0b5de3dd97e4",
      "created_date": "2023-09-22T04:45:53.776Z"
    }
  },
  {
    "model": "agendas.agenda",
    "pk": 3,
    "fields": {
      "fecha": "2023-09-22",
      "hora_inicio": "22:00:00",
      "hora_fin": "23:55:00",
      "descripcion": "centro",
      "tipo_evento": 2,
      "es_entresemana": false,
      "estado_reserva": "pendiente",
      "user": "a144803d-94ef-4ee5-8b29-0b5de3dd97e4",
      "created_date": "2023-09-22T05:22:57.086Z"
    }
  },
  {
    "model": "agendas.agenda",
    "pk": 4,
    "fields": {
      "fecha": "2023-09-22",
      "hora_inicio": "02:33:00",
      "hora_fin": "06:06:00",
      "descripcion": "43",
      "tipo_evento": 2,
      "es_entresemana": false,
      "estado_reserva": "pendiente",
      "user": "a144803d-94ef-4ee5-8b29-0b5de3dd97e4",
      "created_date": "2023-09-22T05:27:40.141Z"
    }
  },
  {
    "model": "agendas.agenda",
    "pk": 5,
    "fields": {
      "fecha": "2023-09-26",
      "hora_inicio": "17:55:00",
      "hora_fin": "20:55:00",
      "descripcion": "pp",
      "tipo_evento": 3,
      "es_entresemana": false,
      "estado_reserva": "pendiente",
      "user": "cfdeaf6b-cd90-4246-bc01-d701be5523bd",
      "created_date": "2023-09-26T21:56:09.002Z"
    }
  },
  {
    "model": "agendas.gestion",
    "pk": 1,
    "fields": { "anio": 2023, "en_curso": true }
  },
  {
    "model": "agendas.mensualidad",
    "pk": 1,
    "fields": {
      "costo": "200.00",
      "fecha": "2023-01-01",
      "mes": 1,
      "gestion": 1
    }
  },
  {
    "model": "agendas.mensualidad",
    "pk": 2,
    "fields": {
      "costo": "200.00",
      "fecha": "2023-02-01",
      "mes": 2,
      "gestion": 1
    }
  },
  {
    "model": "agendas.mensualidad",
    "pk": 3,
    "fields": {
      "costo": "200.00",
      "fecha": "2023-03-01",
      "mes": 3,
      "gestion": 1
    }
  },
  {
    "model": "agendas.mensualidad",
    "pk": 4,
    "fields": {
      "costo": "200.00",
      "fecha": "2023-04-01",
      "mes": 4,
      "gestion": 1
    }
  },
  {
    "model": "agendas.mensualidad",
    "pk": 5,
    "fields": {
      "costo": "200.00",
      "fecha": "2023-05-01",
      "mes": 5,
      "gestion": 1
    }
  },
  {
    "model": "agendas.mensualidad",
    "pk": 6,
    "fields": {
      "costo": "200.00",
      "fecha": "2023-06-01",
      "mes": 6,
      "gestion": 1
    }
  },
  {
    "model": "agendas.mensualidad",
    "pk": 7,
    "fields": {
      "costo": "200.00",
      "fecha": "2023-07-01",
      "mes": 7,
      "gestion": 1
    }
  },
  {
    "model": "agendas.mensualidad",
    "pk": 8,
    "fields": {
      "costo": "200.00",
      "fecha": "2023-08-01",
      "mes": 8,
      "gestion": 1
    }
  },
  {
    "model": "agendas.mensualidad",
    "pk": 9,
    "fields": {
      "costo": "200.00",
      "fecha": "2023-09-01",
      "mes": 9,
      "gestion": 1
    }
  },
  {
    "model": "agendas.mensualidad",
    "pk": 10,
    "fields": {
      "costo": "200.00",
      "fecha": "2023-10-01",
      "mes": 10,
      "gestion": 1
    }
  },
  {
    "model": "agendas.mensualidad",
    "pk": 11,
    "fields": {
      "costo": "200.00",
      "fecha": "2023-11-01",
      "mes": 10,
      "gestion": 1
    }
  },
  {
    "model": "agendas.mensualidad",
    "pk": 12,
    "fields": {
      "costo": "200.00",
      "fecha": "2023-12-01",
      "mes": 12,
      "gestion": 1
    }
  },
  {
    "model": "agendas.extraordinaria",
    "pk": 1,
    "fields": {
      "monto": "3500.00",
      "concepto": "Solo de ejemplo",
      "created_date": "2023-09-12T12:54:51.296Z"
    }
  },
  {
    "model": "agendas.deudaextraordinaria",
    "pk": 1,
    "fields": {
      "extraordinaria": 1,
      "pagado": false,
      "detalle": ".",
      "created_date": "2023-09-12T12:55:39.678Z"
    }
  },
  {
    "model": "agendas.qr",
    "pk": 1,
    "fields": {
      "qr_valor": "250.00",
      "url": "https://res.cloudinary.com/dci37dfd7/image/upload/v1694532495/frater/qr_frater/IMG-20230901-WA0176_q4kkse.jpg",
      "descripcion": "",
      "tipo_evento": 2
    }
  },
  {
    "model": "agendas.qr",
    "pk": 2,
    "fields": {
      "qr_valor": "400.00",
      "url": "https://res.cloudinary.com/dci37dfd7/image/upload/v1694532495/frater/qr_frater/IMG-20230901-WA0183_a83t8a.jpg",
      "descripcion": "",
      "tipo_evento": 2
    }
  },
  {
    "model": "agendas.qr",
    "pk": 3,
    "fields": {
      "qr_valor": "500.00",
      "url": "https://res.cloudinary.com/dci37dfd7/image/upload/v1694532495/frater/qr_frater/IMG-20230901-WA0177_ueo0ym.jpg",
      "descripcion": "",
      "tipo_evento": 3
    }
  },
  {
    "model": "agendas.qr",
    "pk": 4,
    "fields": {
      "qr_valor": "800.00",
      "url": "https://res.cloudinary.com/dci37dfd7/image/upload/v1694532541/frater/qr_frater/IMG-20230901-WA0182_jzdgus.jpg",
      "descripcion": "",
      "tipo_evento": 3
    }
  },
  {
    "model": "agendas.qr",
    "pk": 5,
    "fields": {
      "qr_valor": "1400.00",
      "url": "https://res.cloudinary.com/dci37dfd7/image/upload/v1694532495/frater/qr_frater/IMG-20230901-WA0178_cerobg.jpg",
      "descripcion": "",
      "tipo_evento": 4
    }
  },
  {
    "model": "agendas.qr",
    "pk": 6,
    "fields": {
      "qr_valor": "1800.00",
      "url": "https://res.cloudinary.com/dci37dfd7/image/upload/v1694532495/frater/qr_frater/IMG-20230901-WA0179_qvdzrf.jpg",
      "descripcion": "",
      "tipo_evento": 4
    }
  },
  {
    "model": "agendas.qr",
    "pk": 7,
    "fields": {
      "qr_valor": "2100.00",
      "url": "https://res.cloudinary.com/dci37dfd7/image/upload/v1694532527/frater/qr_frater/IMG-20230901-WA0181_wgisq2.jpg",
      "descripcion": "",
      "tipo_evento": 5
    }
  },
  {
    "model": "agendas.qr",
    "pk": 8,
    "fields": {
      "qr_valor": "2800.00",
      "url": "https://res.cloudinary.com/dci37dfd7/image/upload/v1694532510/frater/qr_frater/IMG-20230901-WA0180_nnje4p.jpg",
      "descripcion": "",
      "tipo_evento": 5
    }
  },
  {
    "model": "agendas.pago",
    "pk": 1,
    "fields": {
      "fecha_pago": "2023-09-12",
      "monto_pagado": "200.00",
      "user": "dc410bb0-f184-4642-8c2d-69c36f55b6ae",
      "created_date": "2023-09-12T04:58:30.410Z"
    }
  },
  {
    "model": "agendas.pago",
    "pk": 2,
    "fields": {
      "fecha_pago": "2023-09-12",
      "monto_pagado": "200.00",
      "user": "dc410bb0-f184-4642-8c2d-69c36f55b6ae",
      "created_date": "2023-09-12T12:39:28.591Z"
    }
  },
  {
    "model": "agendas.pago",
    "pk": 3,
    "fields": {
      "fecha_pago": "2023-09-12",
      "monto_pagado": "200.00",
      "user": "dc410bb0-f184-4642-8c2d-69c36f55b6ae",
      "created_date": "2023-09-12T12:39:46.891Z"
    }
  },
  {
    "model": "agendas.pago",
    "pk": 4,
    "fields": {
      "fecha_pago": "2023-09-12",
      "monto_pagado": "200.00",
      "user": "dc410bb0-f184-4642-8c2d-69c36f55b6ae",
      "created_date": "2023-09-12T12:40:04.162Z"
    }
  },
  {
    "model": "agendas.pago",
    "pk": 5,
    "fields": {
      "fecha_pago": "2023-09-12",
      "monto_pagado": "200.00",
      "user": "dc410bb0-f184-4642-8c2d-69c36f55b6ae",
      "created_date": "2023-09-12T12:40:19.657Z"
    }
  },
  {
    "model": "agendas.pago",
    "pk": 6,
    "fields": {
      "fecha_pago": "2023-09-12",
      "monto_pagado": "200.00",
      "user": "dc410bb0-f184-4642-8c2d-69c36f55b6ae",
      "created_date": "2023-09-12T12:41:06.387Z"
    }
  },
  {
    "model": "agendas.pago",
    "pk": 8,
    "fields": {
      "fecha_pago": "2023-09-12",
      "monto_pagado": "500.00",
      "user": "dc410bb0-f184-4642-8c2d-69c36f55b6ae",
      "created_date": "2023-09-12T12:56:35.158Z"
    }
  },
  {
    "model": "agendas.pago",
    "pk": 9,
    "fields": {
      "fecha_pago": "2023-09-12",
      "monto_pagado": "500.00",
      "user": "dc410bb0-f184-4642-8c2d-69c36f55b6ae",
      "created_date": "2023-09-12T12:56:40.262Z"
    }
  },
  {
    "model": "agendas.detallepagomensualidad",
    "pk": 6,
    "fields": {
      "pago": 1,
      "mensualidad": 1,
      "created_date": "2023-09-12T05:10:03.803Z"
    }
  },
  {
    "model": "agendas.detallepagomensualidad",
    "pk": 7,
    "fields": {
      "pago": 2,
      "mensualidad": 2,
      "created_date": "2023-09-12T12:48:31.005Z"
    }
  },
  {
    "model": "agendas.detallepagomensualidad",
    "pk": 8,
    "fields": {
      "pago": 3,
      "mensualidad": 3,
      "created_date": "2023-09-12T12:48:44.359Z"
    }
  },
  {
    "model": "agendas.detallepagomensualidad",
    "pk": 9,
    "fields": {
      "pago": 4,
      "mensualidad": 4,
      "created_date": "2023-09-12T12:49:03.536Z"
    }
  },
  {
    "model": "agendas.detallepagomensualidad",
    "pk": 10,
    "fields": {
      "pago": 5,
      "mensualidad": 5,
      "created_date": "2023-09-12T12:51:04.938Z"
    }
  },
  {
    "model": "agendas.detallepagomensualidad",
    "pk": 11,
    "fields": {
      "pago": 6,
      "mensualidad": 6,
      "created_date": "2023-09-12T12:51:28.153Z"
    }
  },
  {
    "model": "agendas.detallepagoextraordianria",
    "pk": 1,
    "fields": {
      "pago": 9,
      "deuda_extraordinaria": 1,
      "created_date": "2023-09-12T12:56:53.152Z"
    }
  }
]
